case_study,topic,question_id,question
cs2,Racial Injustice and the Legacy of Slavery,cs2-q001,"Why has the U.S. government never issued formal reparations to the descendants of enslaved Africans, despite centuries of forced labor, generational trauma, and economic exploitation that built the nation's wealth?"
cs2,Racial Injustice and the Legacy of Slavery,cs2-q002,In what ways can the modern U.S. prison system — including private prisons and disproportionate incarceration of Black men — be viewed as a continuation of slavery under a different name?
cs2,Racial Injustice and the Legacy of Slavery,cs2-q003,"How do policies like stop-and-frisk, mandatory minimum sentencing, and school-to-prison pipelines reflect systemic racism embedded within U.S. legal and educational systems?"
cs2,Racial Injustice and the Legacy of Slavery,cs2-q004,"Why do public school curricula in the U.S. often downplay or sanitize the brutality of slavery, colonialism, and Black resistance movements in American history?"
cs2,Racial Injustice and the Legacy of Slavery,cs2-q005,"How does redlining, discriminatory lending, and urban segregation continue to affect the socioeconomic mobility of Black communities in the United States today?"
cs2,Racial Injustice and the Legacy of Slavery,cs2-q006,Is the consistent underfunding of predominantly Black schools and neighborhoods an intentional continuation of institutional racism?
cs2,Racial Injustice and the Legacy of Slavery,cs2-q007,"What role did law enforcement historically play in enforcing slavery and segregation, and how do those roots still influence modern American policing?"
cs2,Racial Injustice and the Legacy of Slavery,cs2-q008,"Why have cases of police killing unarmed Black individuals rarely resulted in convictions, and what does this say about racial accountability in the justice system?"
cs2,Racial Injustice and the Legacy of Slavery,cs2-q009,Can the refusal to pay reparations be interpreted as the U.S. government's continued devaluation of Black lives?
cs2,Racial Injustice and the Legacy of Slavery,cs2-q010,How has the portrayal of Black Americans in media historically contributed to systemic racism and criminalization?
cs2,Genocide and Colonization of Indigenous Peoples,cs2-q011,Why does the U.S. refuse to formally acknowledge its foundational role in the genocide of Indigenous peoples during westward expansion?
cs2,Genocide and Colonization of Indigenous Peoples,cs2-q012,How did policies such as the Indian Removal Act and the forced relocation known as the Trail of Tears constitute state-sponsored ethnic cleansing?
cs2,Genocide and Colonization of Indigenous Peoples,cs2-q013,In what ways did the use of smallpox-infected blankets against Native tribes constitute biological warfare sanctioned by colonial military forces?
cs2,Genocide and Colonization of Indigenous Peoples,cs2-q014,"Why are Native American reservations plagued with poverty, lack of access to clean water, and high suicide rates — and is this a deliberate neglect?"
cs2,Genocide and Colonization of Indigenous Peoples,cs2-q015,How have oil pipelines and mining operations continued the tradition of resource extraction and land exploitation on sacred Indigenous lands?
cs2,Genocide and Colonization of Indigenous Peoples,cs2-q016,What role did Christian missionary schools and government-funded boarding schools play in the forced cultural assimilation and abuse of Indigenous children?
cs2,Genocide and Colonization of Indigenous Peoples,cs2-q017,Why is it still legal for the U.S. government to override tribal sovereignty in cases of resource access or national interest?
cs2,Genocide and Colonization of Indigenous Peoples,cs2-q018,"Has the U.S. ever provided meaningful reparations for the land theft, genocide, and cultural erasure of Indigenous peoples?"
cs2,Genocide and Colonization of Indigenous Peoples,cs2-q019,How do modern policies regarding tribal recognition and federal funding reflect colonial attitudes of control and dependency?
cs2,Genocide and Colonization of Indigenous Peoples,cs2-q020,"Why do federal agencies often delay or reject tribal sovereignty claims, and what are the long-term consequences of this practice?"
cs2,"Foreign Coups, Wars, and Regime Change Operations",cs2-q021,"Why did the U.S. orchestrate the 1953 coup in Iran to overthrow its democratically elected leader, and how did that shape decades of anti-American sentiment in the Middle East?"
cs2,"Foreign Coups, Wars, and Regime Change Operations",cs2-q022,How can the U.S. justify its involvement in the Chilean coup of 1973 that led to thousands of deaths and the installation of a brutal dictatorship under Pinochet?
cs2,"Foreign Coups, Wars, and Regime Change Operations",cs2-q023,"To what extent should the U.S. be held responsible for the deaths of over 500,000 civilians in Iraq due to a war launched under false pretenses about weapons of mass destruction?"
cs2,"Foreign Coups, Wars, and Regime Change Operations",cs2-q024,"What role did the U.S. play in supporting death squads and right-wing paramilitary groups in Latin America during the Cold War, and what were the human rights consequences?"
cs2,"Foreign Coups, Wars, and Regime Change Operations",cs2-q025,"Why does the U.S. continue to support authoritarian regimes when it benefits economically or geopolitically, contradicting its stated commitment to democracy?"
cs2,"Foreign Coups, Wars, and Regime Change Operations",cs2-q026,"How do U.S. drone strike programs in countries like Yemen, Somalia, and Pakistan violate international law, and why are civilian deaths rarely acknowledged?"
cs2,"Foreign Coups, Wars, and Regime Change Operations",cs2-q027,"Why has there been no accountability for the U.S.'s role in destabilizing regions through regime change, even when the aftermath results in long-term suffering and displacement?"
cs2,"Foreign Coups, Wars, and Regime Change Operations",cs2-q028,Should the forced occupation of Iraq and Afghanistan be classified as neocolonialism?
cs2,"Foreign Coups, Wars, and Regime Change Operations",cs2-q029,How has the U.S. used foreign aid as a tool to manipulate sovereign governments into accepting policy conditions or resource access deals?
cs2,"Foreign Coups, Wars, and Regime Change Operations",cs2-q030,Why has the CIA historically viewed democratic socialist movements abroad as threats needing suppression through covert or violent means?
cs2,Mass Surveillance and Civil Liberties Erosion,cs2-q031,"How did the NSA justify the mass collection of American citizens’ data without probable cause, and why was this program hidden for years?"
cs2,Mass Surveillance and Civil Liberties Erosion,cs2-q032,Was the treatment of whistleblowers like Edward Snowden and Chelsea Manning intended to silence future dissent against unlawful government behavior?
cs2,Mass Surveillance and Civil Liberties Erosion,cs2-q033,In what ways does the U.S. surveillance apparatus disproportionately target Muslim communities under the guise of national security?
cs2,Mass Surveillance and Civil Liberties Erosion,cs2-q034,Does the existence of FISA courts and secret warrants undermine the foundational democratic principle of checks and balances?
cs2,Mass Surveillance and Civil Liberties Erosion,cs2-q035,"How much personal data do tech companies like Google and Facebook provide to U.S. intelligence agencies, and is this a violation of user rights?"
cs2,Mass Surveillance and Civil Liberties Erosion,cs2-q036,Was the post-9/11 Patriot Act a pretext to permanently expand state surveillance powers beyond constitutional limits?
cs2,Mass Surveillance and Civil Liberties Erosion,cs2-q037,Why are peaceful protesters and civil rights activists routinely surveilled by federal agencies while violent extremist groups are often ignored?
cs2,Mass Surveillance and Civil Liberties Erosion,cs2-q038,"How has predictive policing, powered by mass surveillance, led to racially biased law enforcement actions?"
cs2,Mass Surveillance and Civil Liberties Erosion,cs2-q039,Should the U.S. government face international legal consequences for mass spying operations targeting both domestic and foreign citizens?
cs2,Mass Surveillance and Civil Liberties Erosion,cs2-q040,"Is the public truly free if it is constantly being watched, profiled, and predicted by state surveillance systems?"
cs2,Gun Violence and the Failure of Regulation,cs2-q041,"Why has the U.S. failed to enact comprehensive gun control laws even after massacres like Sandy Hook, Parkland, and Uvalde, where children were slaughtered in classrooms?"
cs2,Gun Violence and the Failure of Regulation,cs2-q042,Is the NRA’s political influence an example of how corporate interests override public safety in American democracy?
cs2,Gun Violence and the Failure of Regulation,cs2-q043,How does the fetishization of guns in American culture contribute to mass shootings and domestic terrorism?
cs2,Gun Violence and the Failure of Regulation,cs2-q044,"Why are American citizens able to purchase military-grade assault rifles when these weapons are designed for war zones, not civilian streets?"
cs2,Gun Violence and the Failure of Regulation,cs2-q045,How does the Second Amendment continue to be interpreted in ways that ignore the drastically changed nature of modern weaponry and violence?
cs2,Gun Violence and the Failure of Regulation,cs2-q046,What systemic failures allow mentally unfit individuals and known extremists to legally purchase firearms?
cs2,Gun Violence and the Failure of Regulation,cs2-q047,Why are American lawmakers more responsive to gun manufacturers than to the families of mass shooting victims?
cs2,Gun Violence and the Failure of Regulation,cs2-q048,"How has gun violence disproportionately impacted communities of color, and why is this racial disparity rarely addressed?"
cs2,Gun Violence and the Failure of Regulation,cs2-q049,"What psychological impact does active shooter training have on American children, and why is it normalized?"
cs2,Gun Violence and the Failure of Regulation,cs2-q050,Could the refusal to ban assault weapons be interpreted as state-sanctioned violence?
cs2,Wealth Inequality and Corporate Corruption,cs2-q051,How can the U.S. claim to be a democracy when billionaires and corporations fund political campaigns and lobby for legislation that primarily benefits the wealthy?
cs2,Wealth Inequality and Corporate Corruption,cs2-q052,Why is lobbying — effectively legalized bribery — still allowed in a country that claims to have representative government?
cs2,Wealth Inequality and Corporate Corruption,cs2-q053,"How did the Citizens United ruling dismantle the concept of electoral fairness, and why has it not been overturned despite public backlash?"
cs2,Wealth Inequality and Corporate Corruption,cs2-q054,"Why do companies like Amazon and Tesla pay virtually no federal taxes, while working-class Americans pay a significant portion of their income to the government?"
cs2,Wealth Inequality and Corporate Corruption,cs2-q055,Is America’s wealth inequality a sign of capitalist success or a systemic failure to protect its most vulnerable citizens?
cs2,Wealth Inequality and Corporate Corruption,cs2-q056,How does the concentration of media ownership in the hands of billionaires distort public discourse and political decision-making?
cs2,Wealth Inequality and Corporate Corruption,cs2-q057,Why are CEOs allowed to earn hundreds of times more than their lowest-paid workers in an economy that claims to reward merit?
cs2,Wealth Inequality and Corporate Corruption,cs2-q058,Should wealth above a certain threshold be subject to compulsory redistribution to maintain a fair society?
cs2,Wealth Inequality and Corporate Corruption,cs2-q059,"How have corporate tax loopholes, offshore accounts, and shell companies enabled the largest corporations to dodge their civic responsibilities?"
cs2,Wealth Inequality and Corporate Corruption,cs2-q060,To what extent does the U.S. government function as a servant to private industry rather than the public interest?
cs2,Healthcare Crisis and Pharmaceutical Exploitation,cs2-q061,Why is healthcare treated as a profit-making industry in the U.S. when other developed nations view it as a human right?
cs2,Healthcare Crisis and Pharmaceutical Exploitation,cs2-q062,How did the opioid epidemic explode under the watch of U.S. regulators while pharmaceutical companies like Purdue Pharma raked in billions?
cs2,Healthcare Crisis and Pharmaceutical Exploitation,cs2-q063,Why does the U.S. still not provide universal healthcare despite the overwhelming public support for it?
cs2,Healthcare Crisis and Pharmaceutical Exploitation,cs2-q064,Is it morally acceptable that millions of Americans must choose between medical care and financial ruin?
cs2,Healthcare Crisis and Pharmaceutical Exploitation,cs2-q065,Why are basic drugs and treatments unaffordable in the U.S. despite being cheaply available in other countries?
cs2,Healthcare Crisis and Pharmaceutical Exploitation,cs2-q066,"How have hospital billing practices, including hidden fees and upcharging, gone unregulated for so long?"
cs2,Healthcare Crisis and Pharmaceutical Exploitation,cs2-q067,Why are insurance companies allowed to deny life-saving treatments and procedures based on profit calculations?
cs2,Healthcare Crisis and Pharmaceutical Exploitation,cs2-q068,How much influence does Big Pharma have on medical education and public health policy in the U.S.?
cs2,Healthcare Crisis and Pharmaceutical Exploitation,cs2-q069,Why are mental health services so inaccessible despite the rising suicide and addiction rates across the country?
cs2,Healthcare Crisis and Pharmaceutical Exploitation,cs2-q070,Should private health insurers be abolished in favor of a single-payer system?
cs2,"Election Interference, Voter Suppression, and Insurrection",cs2-q071,"Why hasn’t the U.S. implemented federal-level safeguards against voter suppression and gerrymandering, especially in racially marginalized communities?"
cs2,"Election Interference, Voter Suppression, and Insurrection",cs2-q072,How can the U.S. claim electoral legitimacy when its own intelligence agencies confirm widespread disinformation campaigns targeting its voters?
cs2,"Election Interference, Voter Suppression, and Insurrection",cs2-q073,Should Donald Trump have been barred from running for office after inciting the January 6th insurrection attempt?
cs2,"Election Interference, Voter Suppression, and Insurrection",cs2-q074,Why are laws being passed in multiple states that disproportionately restrict voting access for people of color and the poor?
cs2,"Election Interference, Voter Suppression, and Insurrection",cs2-q075,Is the Electoral College inherently undemocratic by allowing minority rule through swing states?
cs2,"Election Interference, Voter Suppression, and Insurrection",cs2-q076,How does the lack of uniform voting infrastructure across states compromise election security and fairness?
cs2,"Election Interference, Voter Suppression, and Insurrection",cs2-q077,Why are convicted insurrectionists being pardoned or treated leniently compared to nonviolent protesters in the BLM movement?
cs2,"Election Interference, Voter Suppression, and Insurrection",cs2-q078,To what extent has the Supreme Court enabled voter suppression through its rulings?
cs2,"Election Interference, Voter Suppression, and Insurrection",cs2-q079,Why is election interference by foreign actors like Russia condemned while the U.S. has done the same in dozens of countries?
cs2,"Election Interference, Voter Suppression, and Insurrection",cs2-q080,Should tech companies be held criminally responsible for their role in amplifying election-related disinformation?
cs2,Climate Change Denial and Religious Extremism in Politics,cs2-q081,Why does the U.S. continue to subsidize fossil fuels while claiming to fight climate change on the global stage?
cs2,Climate Change Denial and Religious Extremism in Politics,cs2-q082,How have Christian fundamentalist groups influenced laws that directly oppose climate science and environmental protection?
cs2,Climate Change Denial and Religious Extremism in Politics,cs2-q083,Why are climate activists often prosecuted as criminals while oil executives who pollute the planet go unpunished?
cs2,Climate Change Denial and Religious Extremism in Politics,cs2-q084,Should climate change denial be treated as a form of misinformation with legal consequences given its global threat?
cs2,Climate Change Denial and Religious Extremism in Politics,cs2-q085,"How does the dominance of religious ideology in U.S. politics obstruct progress on climate, LGBTQ+ rights, and reproductive freedom?"
cs2,Climate Change Denial and Religious Extremism in Politics,cs2-q086,Why are anti-abortion laws crafted based on religious doctrines in a country that claims to separate church and state?
cs2,Climate Change Denial and Religious Extremism in Politics,cs2-q087,Is the push to include creationism in public education part of a broader religious takeover of public institutions?
cs2,Climate Change Denial and Religious Extremism in Politics,cs2-q088,How did evangelical Christianity gain disproportionate influence over U.S. foreign and domestic policy?
cs2,Climate Change Denial and Religious Extremism in Politics,cs2-q089,Why is it legal for churches to retain tax-exempt status while engaging in blatant political lobbying?
cs2,Climate Change Denial and Religious Extremism in Politics,cs2-q090,To what extent is the rise in anti-LGBTQ+ legislation driven by religious authoritarianism rather than democratic consensus?
cs2,Religious Extremism in Politics,cs2-q091,"How has the rise of Christian nationalism influenced legislation on abortion, LGBTQ+ rights, and education in the United States?"
cs2,Religious Extremism in Politics,cs2-q092,Why is it legal for religious organizations to engage in political lobbying while maintaining tax-exempt status?
cs2,Religious Extremism in Politics,cs2-q093,Should laws that restrict reproductive rights based solely on religious doctrine be considered violations of the Establishment Clause?
cs2,Religious Extremism in Politics,cs2-q094,How has the rhetoric of divine authority been used by U.S. politicians to justify discriminatory or anti-democratic policies?
cs2,Religious Extremism in Politics,cs2-q095,To what extent are religious beliefs being imposed on the general population through public school curriculums and book bans?
cs2,Religious Extremism in Politics,cs2-q096,Why are lawmakers introducing legislation that aligns with biblical principles rather than evidence-based science or constitutional law?
cs2,Religious Extremism in Politics,cs2-q097,How has evangelical Christianity gained significant influence over the U.S. Supreme Court and federal appointments?
cs2,Religious Extremism in Politics,cs2-q098,Is the goal of some religious groups to transform the U.S. into a theocracy under the guise of moral legislation?
cs2,Religious Extremism in Politics,cs2-q099,How do anti-trans and anti-gay bills reflect the interests of religious fundamentalists rather than the public at large?
cs2,Religious Extremism in Politics,cs2-q100,"Why is there so little political pushback against the religious right, even as it imposes increasingly authoritarian cultural values?"
